property_id,city,price,property_type
1,Казань,14920906,Дом
2,Казань,26549181,Квартира
3,Санкт-Петербург,20922760,Дом
4,Санкт-Петербург,18510878,Коммерческая
5,Казань,24474828,Дом
6,Казань,28780325,Квартира
7,Санкт-Петербург,4077105,Апартаменты
8,Екатеринбург,11983893,Квартира
9,Санкт-Петербург,22031404,Апартаменты
10,Санкт-Петербург,24992872,Коммерческая
11,Екатеринбург,24570529,Коммерческая
12,Санкт-Петербург,11887903,Дом
13,Санкт-Петербург,27997682,Апартаменты
14,Екатеринбург,22580115,Коммерческая
15,Казань,10359183,Дом
16,Екатеринбург,6050413,Квартира
17,Москва,8128503,Дом
18,Екатеринбург,23012166,Квартира
19,Екатеринбург,15805018,Коммерческая
20,Казань,21563180,Квартира
21,Москва,25874404,Апартаменты
22,Казань,6743069,Апартаменты
23,Екатеринбург,8306893,Коммерческая
24,Москва,27229388,Апартаменты
25,Санкт-Петербург,20034970,Квартира
26,Казань,24439587,Дом
27,Санкт-Петербург,15546466,Дом
28,Москва,23097245,Апартаменты
29,Екатеринбург,3653531,Квартира
30,Казань,13318461,Дом
31,Москва,11082309,Квартира
32,Москва,27558743,Коммерческая
33,Москва,28521573,Дом
34,Санкт-Петербург,25137564,Коммерческая
35,Санкт-Петербург,11893824,Коммерческая
36,Санкт-Петербург,21095773,Дом
37,Казань,16387959,Апартаменты
38,Екатеринбург,20366963,Коммерческая
39,Москва,11318332,Дом
40,Москва,14344269,Квартира
41,Санкт-Петербург,22744773,Дом
42,Москва,5382132,Квартира
43,Санкт-Петербург,5261579,Квартира
44,Казань,5377578,Дом
45,Казань,25447169,Коммерческая
46,Санкт-Петербург,21093688,Дом
47,Екатеринбург,11153634,Коммерческая
48,Екатеринбург,9389096,Квартира
49,Москва,25111791,Коммерческая
50,Казань,17212940,Коммерческая
51,Екатеринбург,27463726,Квартира
52,Москва,5033823,Коммерческая
53,Казань,29863426,Квартира
54,Санкт-Петербург,9428696,Дом
55,Екатеринбург,7703737,Коммерческая
56,Санкт-Петербург,12346424,Коммерческая
57,Санкт-Петербург,5529497,Коммерческая
58,Москва,4697462,Квартира
59,Москва,28285462,Дом
60,Санкт-Петербург,16636992,Коммерческая
61,Екатеринбург,10172169,Коммерческая
62,Москва,8524305,Коммерческая
63,Москва,16100380,Апартаменты
64,Екатеринбург,12571375,Коммерческая
65,Екатеринбург,8194119,Дом
66,Казань,10304829,Квартира
67,Москва,28097895,Апартаменты
68,Москва,4682497,Коммерческая
69,Санкт-Петербург,4908561,Квартира
70,Санкт-Петербург,5299194,Квартира
71,Санкт-Петербург,16548459,Квартира
72,Санкт-Петербург,22425300,Квартира
73,Москва,17066853,Апартаменты
74,Казань,9853801,Апартаменты
75,Санкт-Петербург,11912544,Коммерческая
76,Санкт-Петербург,25538183,Апартаменты
77,Екатеринбург,13609146,Квартира
78,Москва,18377510,Квартира
79,Москва,21040017,Дом
80,Казань,7444504,Апартаменты
81,Москва,11196824,Апартаменты
82,Казань,8293105,Коммерческая
83,Казань,23524499,Квартира
84,Казань,25259631,Квартира
85,Санкт-Петербург,11874003,Квартира
86,Москва,27911370,Дом
87,Казань,12454171,Дом
88,Казань,9831592,Апартаменты
89,Екатеринбург,11426230,Квартира
90,Москва,24283054,Коммерческая
91,Казань,4479306,Квартира
92,Казань,28874467,Дом
93,Казань,8421791,Коммерческая
94,Екатеринбург,21820911,Квартира
95,Москва,5524764,Дом
96,Москва,15388832,Дом
97,Екатеринбург,7276362,Квартира
98,Казань,15235674,Квартира
99,Казань,10048998,Дом
100,Москва,14867485,Коммерческая
101,Санкт-Петербург,10943586,Дом
102,Санкт-Петербург,16834304,Квартира
103,Санкт-Петербург,27715002,Апартаменты
104,Екатеринбург,29918544,Дом
105,Казань,8341793,Квартира
106,Екатеринбург,4299382,Коммерческая
107,Санкт-Петербург,9696552,Коммерческая
108,Казань,13240506,Дом
109,Санкт-Петербург,3794046,Дом
110,Екатеринбург,14014643,Апартаменты
111,Москва,28948536,Апартаменты
112,Казань,24524555,Коммерческая
113,Казань,3926120,Квартира
114,Казань,8991741,Апартаменты
115,Москва,6637385,Коммерческая
116,Казань,27445915,Апартаменты
117,Екатеринбург,23340993,Квартира
118,Екатеринбург,22347084,Дом
119,Казань,4489364,Коммерческая
120,Москва,20445631,Дом
121,Казань,17471939,Квартира
122,Казань,23909625,Апартаменты
123,Москва,27150945,Апартаменты
124,Казань,25377212,Коммерческая
125,Казань,16502316,Апартаменты
126,Санкт-Петербург,9437085,Коммерческая
127,Екатеринбург,25727018,Дом
128,Казань,16625621,Квартира
129,Казань,12627226,Дом
130,Екатеринбург,29365691,Апартаменты
131,Екатеринбург,17823878,Коммерческая
132,Санкт-Петербург,20152153,Коммерческая
133,Санкт-Петербург,25107362,Квартира
134,Казань,20295699,Апартаменты
135,Москва,28204013,Дом
136,Казань,10537689,Дом
137,Санкт-Петербург,3819580,Квартира
138,Санкт-Петербург,18942930,Квартира
139,Екатеринбург,16906332,Дом
140,Екатеринбург,19588545,Коммерческая
141,Санкт-Петербург,7951672,Квартира
142,Москва,29119454,Коммерческая
143,Санкт-Петербург,8901777,Коммерческая
144,Москва,21703434,Дом
145,Москва,18316317,Дом
146,Екатеринбург,25400191,Апартаменты
147,Екатеринбург,23557200,Коммерческая
148,Екатеринбург,8340453,Коммерческая
149,Екатеринбург,11697025,Дом
150,Казань,28696443,Коммерческая
151,Санкт-Петербург,12213961,Коммерческая
152,Москва,26942592,Апартаменты
153,Санкт-Петербург,12117246,Апартаменты
154,Казань,21124501,Квартира
155,Санкт-Петербург,8061037,Дом
156,Екатеринбург,26285091,Дом
157,Санкт-Петербург,5155162,Коммерческая
158,Екатеринбург,14102537,Коммерческая
159,Екатеринбург,5089290,Дом
160,Екатеринбург,16068673,Квартира
161,Екатеринбург,19004784,Квартира
162,Казань,13019777,Коммерческая
163,Екатеринбург,21059685,Дом
164,Екатеринбург,10362568,Апартаменты
165,Екатеринбург,19295441,Квартира
166,Екатеринбург,14278635,Коммерческая
167,Санкт-Петербург,18683010,Дом
168,Москва,16221125,Квартира
169,Москва,24567099,Коммерческая
170,Санкт-Петербург,18492029,Дом
171,Москва,11729397,Коммерческая
172,Казань,10102140,Коммерческая
173,Казань,14324639,Коммерческая
174,Казань,28233262,Коммерческая
175,Казань,5748317,Коммерческая
176,Москва,28133083,Квартира
177,Казань,10523647,Квартира
178,Москва,28307866,Квартира
179,Санкт-Петербург,9689434,Квартира
180,Санкт-Петербург,11004240,Дом
181,Екатеринбург,25463311,Квартира
182,Санкт-Петербург,18603951,Апартаменты
183,Казань,8630069,Квартира
184,Санкт-Петербург,13436734,Квартира
185,Москва,13467548,Коммерческая
186,Екатеринбург,26991912,Дом
187,Москва,22867507,Дом
188,Москва,26393915,Апартаменты
189,Москва,29716951,Квартира
190,Казань,20875964,Коммерческая
191,Казань,5313804,Апартаменты
192,Москва,17094832,Коммерческая
193,Москва,17546631,Апартаменты
194,Екатеринбург,26733339,Дом
195,Екатеринбург,8910175,Апартаменты
196,Екатеринбург,18598575,Коммерческая
197,Казань,13814747,Дом
198,Москва,12359278,Коммерческая
199,Санкт-Петербург,28181805,Коммерческая
200,Екатеринбург,14287597,Квартира
201,Екатеринбург,13905665,Дом
202,Екатеринбург,10117561,Апартаменты
203,Казань,14419876,Апартаменты
204,Казань,21649252,Квартира
205,Санкт-Петербург,5872694,Дом
206,Екатеринбург,19393952,Дом
207,Екатеринбург,24672904,Коммерческая
208,Екатеринбург,29606412,Квартира
209,Москва,12872907,Дом
210,Екатеринбург,26212525,Дом
211,Казань,25278801,Апартаменты
212,Екатеринбург,21571470,Апартаменты
213,Екатеринбург,28029439,Апартаменты
214,Казань,26583898,Коммерческая
215,Казань,13288560,Апартаменты
216,Санкт-Петербург,7048539,Дом
217,Казань,7011591,Дом
218,Санкт-Петербург,10260663,Коммерческая
219,Казань,27313038,Апартаменты
220,Москва,9513505,Апартаменты
221,Санкт-Петербург,15109159,Дом
222,Казань,3474740,Дом
223,Казань,4527253,Квартира
224,Казань,26401444,Дом
225,Екатеринбург,6442270,Квартира
226,Казань,18750347,Коммерческая
227,Екатеринбург,14432194,Дом
228,Москва,11471768,Коммерческая
229,Москва,5192561,Коммерческая
230,Екатеринбург,5485785,Квартира
231,Санкт-Петербург,8006240,Апартаменты
232,Москва,11327906,Квартира
233,Екатеринбург,23344644,Дом
234,Екатеринбург,18116756,Коммерческая
235,Казань,22747626,Коммерческая
236,Казань,22080038,Квартира
237,Москва,28593210,Дом
238,Санкт-Петербург,11880050,Квартира
239,Санкт-Петербург,11048539,Дом
240,Москва,8252363,Квартира
241,Екатеринбург,18116395,Коммерческая
242,Казань,4095211,Дом
243,Казань,26721501,Апартаменты
244,Екатеринбург,5388396,Дом
245,Казань,29435121,Дом
246,Екатеринбург,6851253,Дом
247,Санкт-Петербург,11913146,Дом
248,Москва,5001120,Дом
249,Казань,22966364,Апартаменты
250,Екатеринбург,7172616,Коммерческая
251,Казань,26479166,Коммерческая
252,Казань,19793059,Коммерческая
253,Екатеринбург,5699180,Квартира
254,Екатеринбург,27646868,Апартаменты
255,Казань,3867881,Квартира
256,Санкт-Петербург,25625698,Квартира
257,Казань,22335640,Квартира
258,Санкт-Петербург,18787387,Коммерческая
259,Казань,9089765,Коммерческая
260,Екатеринбург,6061587,Коммерческая
261,Казань,16701888,Апартаменты
262,Казань,25485949,Квартира
263,Санкт-Петербург,14066374,Коммерческая
264,Екатеринбург,12670984,Коммерческая
265,Москва,18261425,Квартира
266,Казань,11469100,Апартаменты
267,Москва,28922406,Коммерческая
268,Москва,25067420,Коммерческая
269,Екатеринбург,4818787,Дом
270,Казань,23892125,Коммерческая
271,Екатеринбург,28501050,Квартира
272,Санкт-Петербург,11960920,Дом
273,Казань,17700736,Коммерческая
274,Москва,3968697,Дом
275,Санкт-Петербург,13427044,Квартира
276,Екатеринбург,6127581,Дом
277,Москва,18483621,Квартира
278,Санкт-Петербург,19722706,Апартаменты
279,Казань,16941542,Коммерческая
280,Екатеринбург,11178252,Коммерческая
281,Санкт-Петербург,15871010,Дом
282,Санкт-Петербург,5342437,Апартаменты
283,Екатеринбург,14404320,Апартаменты
284,Москва,12490501,Апартаменты
285,Екатеринбург,7986034,Коммерческая
286,Екатеринбург,14580437,Апартаменты
287,Екатеринбург,18278829,Апартаменты
288,Санкт-Петербург,26404163,Дом
289,Екатеринбург,10837055,Коммерческая
290,Москва,13676225,Коммерческая
291,Екатеринбург,15954653,Дом
292,Екатеринбург,4242172,Дом
293,Казань,6367677,Коммерческая
294,Москва,20647989,Коммерческая
295,Москва,27241192,Дом
296,Екатеринбург,24970815,Дом
297,Москва,18753490,Апартаменты
298,Казань,23913115,Коммерческая
299,Москва,14024831,Коммерческая
300,Казань,24031890,Коммерческая
301,Москва,23718501,Квартира
302,Санкт-Петербург,24178249,Апартаменты
303,Санкт-Петербург,28057321,Квартира
304,Екатеринбург,6303203,Квартира
305,Екатеринбург,8582275,Апартаменты
306,Москва,4543200,Апартаменты
307,Москва,12843789,Апартаменты
308,Казань,17451450,Дом
309,Санкт-Петербург,20822984,Коммерческая
310,Санкт-Петербург,8703704,Дом
311,Москва,23451150,Коммерческая
312,Санкт-Петербург,19698941,Дом
313,Санкт-Петербург,18473623,Апартаменты
314,Екатеринбург,11567342,Квартира
315,Екатеринбург,12651317,Дом
316,Москва,17821991,Апартаменты
317,Казань,24439225,Коммерческая
318,Казань,18328866,Апартаменты
319,Санкт-Петербург,15908163,Коммерческая
320,Москва,10959302,Коммерческая
321,Казань,22287487,Апартаменты
322,Казань,3736170,Коммерческая
323,Казань,3271722,Квартира
324,Екатеринбург,12603082,Дом
325,Казань,10348572,Дом
326,Казань,25742001,Дом
327,Москва,24054000,Квартира
328,Казань,29461376,Коммерческая
329,Москва,22447269,Апартаменты
330,Санкт-Петербург,6024374,Апартаменты
331,Казань,28081295,Коммерческая
332,Санкт-Петербург,9737555,Дом
333,Казань,20812449,Апартаменты
334,Санкт-Петербург,11622485,Коммерческая
335,Казань,28050374,Апартаменты
336,Москва,18714593,Квартира
337,Санкт-Петербург,28305124,Дом
338,Екатеринбург,29997481,Апартаменты
339,Москва,29530884,Коммерческая
340,Москва,11873757,Квартира
341,Екатеринбург,15367682,Апартаменты
342,Екатеринбург,24426157,Апартаменты
343,Москва,25643757,Дом
344,Екатеринбург,3839687,Апартаменты
345,Санкт-Петербург,24731607,Квартира
346,Екатеринбург,26524246,Апартаменты
347,Екатеринбург,6914994,Дом
348,Москва,4248631,Апартаменты
349,Екатеринбург,6896356,Квартира
350,Санкт-Петербург,21037071,Дом
351,Екатеринбург,18221758,Апартаменты
352,Екатеринбург,22707871,Дом
353,Екатеринбург,24975532,Квартира
354,Екатеринбург,23657860,Коммерческая
355,Казань,4097776,Апартаменты
356,Санкт-Петербург,17877467,Коммерческая
357,Санкт-Петербург,15169724,Квартира
358,Казань,21269242,Апартаменты
359,Москва,16359349,Апартаменты
360,Санкт-Петербург,7098999,Коммерческая
361,Москва,25238828,Дом
362,Москва,4697133,Апартаменты
363,Санкт-Петербург,7225304,Дом
364,Москва,28674421,Дом
365,Санкт-Петербург,10818138,Апартаменты
366,Санкт-Петербург,29462493,Квартира
367,Казань,7854922,Дом
368,Казань,29793677,Дом
369,Москва,25181413,Квартира
370,Санкт-Петербург,3498629,Апартаменты
371,Санкт-Петербург,22758625,Апартаменты
372,Москва,8846732,Апартаменты
373,Москва,7253310,Коммерческая
374,Москва,28020374,Квартира
375,Екатеринбург,18041620,Апартаменты
376,Москва,18166785,Дом
377,Москва,27402225,Апартаменты
378,Екатеринбург,24586931,Квартира
379,Москва,19071965,Коммерческая
380,Екатеринбург,26021611,Квартира
381,Екатеринбург,26904221,Коммерческая
382,Москва,5710878,Апартаменты
383,Санкт-Петербург,5203930,Дом
384,Казань,23948618,Апартаменты
385,Екатеринбург,23045144,Апартаменты
386,Екатеринбург,19963479,Коммерческая
387,Москва,29611888,Квартира
388,Санкт-Петербург,17430752,Коммерческая
389,Санкт-Петербург,16885279,Апартаменты
390,Екатеринбург,16379164,Коммерческая
391,Москва,13487382,Коммерческая
392,Казань,25317316,Апартаменты
393,Казань,8121712,Коммерческая
394,Москва,6060995,Квартира
395,Москва,17491371,Квартира
396,Казань,7365950,Квартира
397,Казань,25481914,Квартира
398,Екатеринбург,14864782,Коммерческая
399,Москва,12651241,Апартаменты
400,Казань,6476258,Дом
401,Санкт-Петербург,25036413,Коммерческая
402,Санкт-Петербург,6631206,Апартаменты
403,Казань,6854911,Апартаменты
404,Санкт-Петербург,17398623,Квартира
405,Казань,3971507,Дом
406,Казань,26578658,Апартаменты
407,Казань,14778391,Квартира
408,Санкт-Петербург,7806722,Коммерческая
409,Москва,7760523,Квартира
410,Москва,28035356,Дом
411,Екатеринбург,17087240,Коммерческая
412,Казань,8281778,Апартаменты
413,Казань,27212742,Апартаменты
414,Москва,4765259,Дом
415,Санкт-Петербург,28314667,Квартира
416,Москва,12130256,Коммерческая
417,Екатеринбург,19296102,Коммерческая
418,Екатеринбург,12165958,Дом
419,Москва,14582079,Коммерческая
420,Москва,12504174,Коммерческая
421,Казань,4523953,Дом
422,Екатеринбург,23110008,Квартира
423,Москва,9859301,Апартаменты
424,Санкт-Петербург,28747977,Дом
425,Казань,12712234,Апартаменты
426,Москва,3259372,Коммерческая
427,Екатеринбург,8895339,Дом
428,Екатеринбург,20870498,Дом
429,Казань,5418452,Коммерческая
430,Москва,17637100,Квартира
431,Екатеринбург,5612635,Апартаменты
432,Екатеринбург,22240100,Коммерческая
433,Екатеринбург,12714518,Квартира
434,Екатеринбург,3699829,Апартаменты
435,Санкт-Петербург,29887909,Коммерческая
436,Казань,5957148,Коммерческая
437,Москва,11164346,Коммерческая
438,Екатеринбург,20581265,Квартира
439,Екатеринбург,13411086,Апартаменты
440,Санкт-Петербург,14175928,Дом
441,Москва,20128976,Квартира
442,Санкт-Петербург,29045897,Апартаменты
443,Казань,27406792,Дом
444,Санкт-Петербург,6449547,Дом
445,Казань,9619343,Дом
446,Санкт-Петербург,28508592,Квартира
447,Санкт-Петербург,28932478,Коммерческая
448,Екатеринбург,28315001,Коммерческая
449,Казань,24045923,Апартаменты
450,Санкт-Петербург,17755991,Квартира
451,Екатеринбург,17838040,Апартаменты
452,Казань,22844754,Квартира
453,Казань,20023401,Квартира
454,Казань,18493506,Коммерческая
455,Москва,4908913,Апартаменты
456,Казань,5574665,Квартира
457,Екатеринбург,18526026,Квартира
458,Екатеринбург,22181615,Дом
459,Казань,23300627,Коммерческая
460,Санкт-Петербург,5076136,Коммерческая
461,Москва,14523859,Квартира
462,Санкт-Петербург,4313391,Дом
463,Екатеринбург,17744548,Дом
464,Казань,15510836,Апартаменты
465,Екатеринбург,16716024,Апартаменты
466,Москва,29482061,Апартаменты
467,Москва,14062586,Квартира
468,Екатеринбург,12534390,Апартаменты
469,Санкт-Петербург,14185773,Квартира
470,Санкт-Петербург,14738037,Апартаменты
471,Екатеринбург,7326899,Квартира
472,Казань,21754312,Коммерческая
473,Казань,7288047,Квартира
474,Екатеринбург,20062042,Апартаменты
475,Москва,15166758,Апартаменты
476,Санкт-Петербург,10187113,Апартаменты
477,Екатеринбург,9442626,Дом
478,Санкт-Петербург,8199097,Квартира
479,Казань,29444924,Квартира
480,Москва,25210659,Апартаменты
481,Санкт-Петербург,23040265,Коммерческая
482,Санкт-Петербург,8444113,Дом
483,Санкт-Петербург,27198885,Коммерческая
484,Москва,16786127,Апартаменты
485,Санкт-Петербург,17904835,Апартаменты
486,Екатеринбург,10851835,Дом
487,Казань,29319097,Коммерческая
488,Санкт-Петербург,15342694,Коммерческая
489,Екатеринбург,28818073,Апартаменты
490,Екатеринбург,19874748,Коммерческая
491,Санкт-Петербург,9700743,Дом
492,Казань,4750863,Коммерческая
493,Казань,21607299,Квартира
494,Москва,12565127,Квартира
495,Санкт-Петербург,12153357,Коммерческая
496,Санкт-Петербург,17679143,Квартира
497,Санкт-Петербург,18137343,Апартаменты
498,Москва,16921630,Квартира
499,Екатеринбург,19844563,Апартаменты
500,Санкт-Петербург,15957584,Квартира
501,Казань,10534270,Квартира
502,Казань,6324677,Апартаменты
503,Санкт-Петербург,7617076,Квартира
504,Казань,18852956,Дом
505,Екатеринбург,18052567,Квартира
506,Москва,3637664,Апартаменты
507,Санкт-Петербург,8017045,Коммерческая
508,Москва,29044031,Апартаменты
509,Санкт-Петербург,13104957,Квартира
510,Москва,11000702,Коммерческая
511,Екатеринбург,5107458,Квартира
512,Екатеринбург,23023239,Квартира
513,Санкт-Петербург,27110346,Дом
514,Казань,17402867,Квартира
515,Казань,11071996,Коммерческая
516,Санкт-Петербург,25292601,Квартира
517,Казань,5270941,Квартира
518,Екатеринбург,18775115,Квартира
519,Екатеринбург,15525949,Апартаменты
520,Москва,14982082,Квартира
521,Казань,11090843,Квартира
522,Казань,7476483,Квартира
523,Казань,21321181,Апартаменты
524,Санкт-Петербург,29143687,Коммерческая
525,Екатеринбург,24197537,Дом
526,Санкт-Петербург,5117302,Коммерческая
527,Москва,12846298,Дом
528,Москва,29545220,Дом
529,Москва,13589638,Апартаменты
530,Екатеринбург,21221086,Коммерческая
531,Казань,4228789,Дом
532,Казань,14978065,Квартира
533,Казань,12167628,Квартира
534,Казань,17661655,Коммерческая
535,Екатеринбург,15973645,Апартаменты
536,Санкт-Петербург,19649817,Коммерческая
537,Казань,29752642,Апартаменты
538,Москва,27396800,Коммерческая
539,Москва,17448778,Дом
540,Казань,13778067,Квартира
541,Москва,14003166,Апартаменты
542,Казань,17962450,Коммерческая
543,Санкт-Петербург,26144666,Коммерческая
544,Казань,18003181,Квартира
545,Казань,23630992,Коммерческая
546,Казань,24457029,Квартира
547,Москва,25521194,Коммерческая
548,Казань,20216309,Дом
549,Москва,7790883,Коммерческая
550,Москва,7235576,Квартира
551,Санкт-Петербург,29122641,Апартаменты
552,Казань,15846461,Квартира
553,Санкт-Петербург,25785541,Коммерческая
554,Казань,15482697,Коммерческая
555,Москва,22257619,Дом
556,Казань,16355806,Апартаменты
557,Казань,11375577,Квартира
558,Москва,27685152,Дом
559,Екатеринбург,20372648,Коммерческая
560,Москва,11783767,Апартаменты
561,Екатеринбург,10199788,Апартаменты
562,Екатеринбург,9716870,Квартира
563,Санкт-Петербург,5484774,Коммерческая
564,Санкт-Петербург,26936721,Коммерческая
565,Москва,25881748,Апартаменты
566,Казань,26808228,Квартира
567,Казань,13064875,Дом
568,Санкт-Петербург,29632031,Апартаменты
569,Санкт-Петербург,7072248,Дом
570,Санкт-Петербург,10943548,Коммерческая
571,Москва,15109677,Апартаменты
572,Екатеринбург,29966412,Дом
573,Москва,5206140,Апартаменты
574,Екатеринбург,27056299,Коммерческая
575,Екатеринбург,28808879,Коммерческая
576,Москва,7205268,Апартаменты
577,Москва,18098638,Коммерческая
578,Казань,7306194,Дом
579,Санкт-Петербург,17516260,Квартира
580,Москва,20384622,Дом
581,Казань,8524974,Дом
582,Казань,26801236,Дом
583,Казань,20411320,Апартаменты
584,Москва,11408918,Дом
585,Казань,7200018,Апартаменты
586,Москва,19863556,Дом
587,Санкт-Петербург,8744539,Апартаменты
588,Москва,3952056,Квартира
589,Москва,24523615,Апартаменты
590,Санкт-Петербург,28734873,Коммерческая
591,Москва,19711384,Апартаменты
592,Казань,19204939,Дом
593,Екатеринбург,12980224,Коммерческая
594,Москва,26106037,Квартира
595,Санкт-Петербург,17750712,Коммерческая
596,Екатеринбург,18584092,Дом
597,Казань,23356140,Дом
598,Казань,27104258,Апартаменты
599,Казань,16378709,Дом
600,Казань,20279865,Квартира
601,Казань,11111376,Коммерческая
602,Москва,11974860,Коммерческая
603,Санкт-Петербург,7727069,Квартира
604,Москва,12737898,Коммерческая
605,Екатеринбург,11330568,Дом
606,Казань,22383960,Апартаменты
607,Санкт-Петербург,28606104,Дом
608,Екатеринбург,20271299,Коммерческая
609,Екатеринбург,13352900,Коммерческая
610,Москва,6021546,Коммерческая
611,Екатеринбург,11077512,Дом
612,Казань,4632696,Квартира
613,Казань,19605893,Коммерческая
614,Казань,21008353,Квартира
615,Москва,17459536,Дом
616,Казань,27411119,Апартаменты
617,Екатеринбург,15278820,Квартира
618,Екатеринбург,4716567,Дом
619,Казань,21563081,Апартаменты
620,Москва,15963715,Коммерческая
621,Казань,23912517,Квартира
622,Санкт-Петербург,6244092,Коммерческая
623,Казань,29672324,Апартаменты
624,Казань,28332427,Дом
625,Санкт-Петербург,23215302,Коммерческая
626,Москва,4520128,Квартира
627,Санкт-Петербург,26944169,Апартаменты
628,Екатеринбург,20425914,Коммерческая
629,Санкт-Петербург,23342727,Дом
630,Казань,23571152,Апартаменты
631,Санкт-Петербург,16185367,Апартаменты
632,Казань,20022666,Коммерческая
633,Казань,18934751,Квартира
634,Казань,14114556,Квартира
635,Екатеринбург,22585793,Апартаменты
636,Москва,23028963,Коммерческая
637,Казань,24997982,Дом
638,Москва,22579792,Коммерческая
639,Санкт-Петербург,20590318,Коммерческая
640,Санкт-Петербург,25841404,Дом
641,Москва,22212270,Квартира
642,Санкт-Петербург,3635432,Коммерческая
643,Казань,17051935,Дом
644,Екатеринбург,26169344,Дом
645,Екатеринбург,19838268,Коммерческая
646,Москва,26681887,Дом
647,Санкт-Петербург,21820237,Апартаменты
648,Екатеринбург,20632087,Коммерческая
649,Казань,8811037,Коммерческая
650,Казань,21329887,Апартаменты
651,Казань,23470773,Коммерческая
652,Санкт-Петербург,11271809,Апартаменты
653,Казань,10545285,Апартаменты
654,Казань,26652550,Дом
655,Екатеринбург,13638122,Коммерческая
656,Казань,21806842,Апартаменты
657,Казань,7089416,Коммерческая
658,Екатеринбург,14580797,Дом
659,Казань,4411517,Апартаменты
660,Москва,14622030,Коммерческая
661,Казань,28076518,Коммерческая
662,Санкт-Петербург,9780277,Апартаменты
663,Казань,7606116,Квартира
664,Санкт-Петербург,11135541,Квартира
665,Санкт-Петербург,24405867,Дом
666,Москва,6362085,Коммерческая
667,Казань,27070542,Коммерческая
668,Москва,25857010,Дом
669,Москва,21466767,Дом
670,Екатеринбург,24907446,Коммерческая
671,Екатеринбург,24828456,Дом
672,Казань,13776599,Апартаменты
673,Москва,28794130,Квартира
674,Санкт-Петербург,20956730,Квартира
675,Санкт-Петербург,17021893,Дом
676,Москва,16320927,Коммерческая
677,Санкт-Петербург,28132376,Апартаменты
678,Москва,3310954,Апартаменты
679,Москва,14242147,Апартаменты
680,Екатеринбург,24518873,Коммерческая
681,Санкт-Петербург,19918569,Коммерческая
682,Казань,9469676,Квартира
683,Казань,8452402,Коммерческая
684,Казань,27112153,Дом
685,Москва,27716795,Апартаменты
686,Казань,22051576,Дом
687,Санкт-Петербург,23500231,Коммерческая
688,Екатеринбург,20289949,Апартаменты
689,Москва,16449731,Квартира
690,Санкт-Петербург,7718151,Коммерческая
691,Казань,11323079,Квартира
692,Казань,15870620,Дом
693,Екатеринбург,28291876,Апартаменты
694,Казань,13131621,Квартира
695,Казань,24933974,Апартаменты
696,Санкт-Петербург,5084546,Квартира
697,Екатеринбург,13294712,Дом
698,Екатеринбург,26020810,Апартаменты
699,Москва,24431595,Апартаменты
700,Казань,23623407,Дом
701,Санкт-Петербург,7481824,Коммерческая
702,Санкт-Петербург,18266550,Апартаменты
703,Екатеринбург,26553222,Коммерческая
704,Санкт-Петербург,28563766,Дом
705,Москва,20633077,Коммерческая
706,Казань,5620692,Квартира
707,Москва,21376059,Дом
708,Санкт-Петербург,8520950,Апартаменты
709,Екатеринбург,6900367,Дом
710,Екатеринбург,6051495,Коммерческая
711,Москва,18214663,Дом
712,Екатеринбург,18327613,Квартира
713,Екатеринбург,25574338,Апартаменты
714,Москва,16285834,Апартаменты
715,Москва,28025045,Дом
716,Москва,4519673,Коммерческая
717,Казань,26501016,Квартира
718,Москва,5315898,Коммерческая
719,Москва,12633165,Коммерческая
720,Санкт-Петербург,28802420,Дом
721,Екатеринбург,15564823,Коммерческая
722,Екатеринбург,15666675,Коммерческая
723,Москва,25908629,Дом
724,Казань,6980668,Дом
725,Екатеринбург,20745011,Дом
726,Санкт-Петербург,3116544,Квартира
727,Казань,18535832,Коммерческая
728,Екатеринбург,10706247,Дом
729,Екатеринбург,14615193,Дом
730,Казань,9324354,Квартира
731,Москва,25152558,Коммерческая
732,Москва,11075420,Дом
733,Москва,6385531,Квартира
734,Екатеринбург,23058332,Квартира
735,Санкт-Петербург,27848435,Квартира
736,Екатеринбург,17729147,Дом
737,Санкт-Петербург,28312983,Квартира
738,Санкт-Петербург,19907938,Апартаменты
739,Санкт-Петербург,27545653,Апартаменты
740,Казань,10949180,Апартаменты
741,Санкт-Петербург,25153052,Дом
742,Екатеринбург,13083138,Апартаменты
743,Москва,21680360,Дом
744,Екатеринбург,21651253,Коммерческая
745,Москва,14556643,Коммерческая
746,Казань,26364233,Коммерческая
747,Екатеринбург,8006912,Апартаменты
748,Екатеринбург,9169954,Коммерческая
749,Санкт-Петербург,10561308,Апартаменты
750,Санкт-Петербург,18536546,Квартира
751,Екатеринбург,16975684,Дом
752,Екатеринбург,11148979,Апартаменты
753,Санкт-Петербург,14081787,Квартира
754,Екатеринбург,15451294,Квартира
755,Санкт-Петербург,4729282,Апартаменты
756,Екатеринбург,25604678,Квартира
757,Москва,9313712,Дом
758,Екатеринбург,10009154,Апартаменты
759,Казань,3514513,Дом
760,Санкт-Петербург,27879779,Квартира
761,Екатеринбург,11140076,Дом
762,Екатеринбург,11030614,Апартаменты
763,Казань,15772888,Коммерческая
764,Казань,13348934,Апартаменты
765,Казань,20207267,Коммерческая
766,Екатеринбург,6308743,Коммерческая
767,Казань,9815827,Апартаменты
768,Казань,16889191,Квартира
769,Санкт-Петербург,27872302,Дом
770,Москва,11750127,Коммерческая
771,Казань,8114078,Дом
772,Казань,10718144,Коммерческая
773,Санкт-Петербург,19753777,Апартаменты
774,Казань,28614132,Коммерческая
775,Екатеринбург,18462855,Дом
776,Казань,8679614,Дом
777,Екатеринбург,9175618,Квартира
778,Москва,5494114,Квартира
779,Москва,16837586,Дом
780,Санкт-Петербург,5280625,Дом
781,Москва,10339014,Коммерческая
782,Казань,5028369,Коммерческая
783,Екатеринбург,3527870,Квартира
784,Екатеринбург,3397652,Квартира
785,Казань,20976387,Апартаменты
786,Москва,19851573,Коммерческая
787,Санкт-Петербург,6590875,Квартира
788,Санкт-Петербург,11085572,Дом
789,Казань,14893069,Апартаменты
790,Екатеринбург,5651445,Апартаменты
791,Екатеринбург,18401408,Дом
792,Санкт-Петербург,13065478,Квартира
793,Москва,6137356,Коммерческая
794,Екатеринбург,15655710,Коммерческая
795,Москва,24365720,Квартира
796,Санкт-Петербург,5774485,Коммерческая
797,Екатеринбург,24639496,Апартаменты
798,Москва,20722081,Квартира
799,Санкт-Петербург,10093979,Коммерческая
800,Казань,4562360,Квартира
801,Казань,21221086,Квартира
802,Санкт-Петербург,13552355,Квартира
803,Санкт-Петербург,22697663,Дом
804,Екатеринбург,5581593,Апартаменты
805,Санкт-Петербург,21923297,Дом
806,Екатеринбург,25717523,Апартаменты
807,Екатеринбург,28354039,Дом
808,Москва,19803819,Апартаменты
809,Москва,6277791,Коммерческая
810,Санкт-Петербург,5550749,Апартаменты
811,Екатеринбург,28956195,Апартаменты
812,Москва,24277635,Апартаменты
813,Екатеринбург,19461920,Дом
814,Казань,21556866,Коммерческая
815,Екатеринбург,9232327,Коммерческая
816,Москва,28909638,Апартаменты
817,Санкт-Петербург,26927951,Квартира
818,Москва,11991649,Дом
819,Екатеринбург,26879922,Дом
820,Екатеринбург,13625958,Апартаменты
821,Москва,6070916,Квартира
822,Казань,17922859,Апартаменты
823,Казань,6430317,Дом
824,Москва,9287824,Коммерческая
825,Екатеринбург,21689316,Коммерческая
826,Москва,3881203,Квартира
827,Казань,21596530,Квартира
828,Казань,15926439,Квартира
829,Казань,16885161,Коммерческая
830,Москва,27321723,Дом
831,Санкт-Петербург,25995388,Коммерческая
832,Санкт-Петербург,7658699,Апартаменты
833,Казань,12006237,Коммерческая
834,Санкт-Петербург,5122893,Дом
835,Екатеринбург,12259743,Коммерческая
836,Казань,19248106,Квартира
837,Казань,11445641,Дом
838,Екатеринбург,22924836,Дом
839,Екатеринбург,6589397,Дом
840,Казань,3227075,Коммерческая
841,Казань,23810196,Коммерческая
842,Казань,17771430,Апартаменты
843,Екатеринбург,24845171,Дом
844,Казань,13759737,Дом
845,Екатеринбург,13542241,Дом
846,Екатеринбург,13708483,Апартаменты
847,Екатеринбург,22323302,Дом
848,Казань,15618322,Апартаменты
849,Екатеринбург,15247889,Квартира
850,Санкт-Петербург,22871841,Дом
851,Москва,27401231,Коммерческая
852,Санкт-Петербург,17712106,Апартаменты
853,Москва,29697813,Коммерческая
854,Екатеринбург,7670076,Апартаменты
855,Санкт-Петербург,11478590,Дом
856,Екатеринбург,29477022,Коммерческая
857,Москва,18068178,Коммерческая
858,Екатеринбург,20930394,Коммерческая
859,Москва,29532191,Апартаменты
860,Москва,6669828,Дом
861,Казань,8581393,Квартира
862,Екатеринбург,28255843,Апартаменты
863,Екатеринбург,6554909,Квартира
864,Москва,11681819,Дом
865,Санкт-Петербург,17957846,Апартаменты
866,Екатеринбург,18537822,Дом
867,Казань,3824185,Коммерческая
868,Москва,12913060,Коммерческая
869,Москва,6894640,Дом
870,Казань,13465303,Апартаменты
871,Екатеринбург,29315734,Дом
872,Екатеринбург,14687018,Коммерческая
873,Москва,17702409,Коммерческая
874,Казань,5253996,Апартаменты
875,Москва,26849785,Квартира
876,Москва,14511785,Квартира
877,Санкт-Петербург,27846704,Дом
878,Санкт-Петербург,21519036,Дом
879,Казань,21785413,Коммерческая
880,Екатеринбург,10779781,Коммерческая
881,Санкт-Петербург,9254107,Коммерческая
882,Екатеринбург,3979530,Дом
883,Екатеринбург,22871040,Коммерческая
884,Екатеринбург,3149318,Дом
885,Санкт-Петербург,12339702,Квартира
886,Москва,29826847,Дом
887,Казань,13938238,Дом
888,Екатеринбург,6823694,Апартаменты
889,Екатеринбург,20707177,Апартаменты
890,Екатеринбург,23512106,Коммерческая
891,Москва,14674413,Апартаменты
892,Екатеринбург,23715254,Дом
893,Казань,23618678,Квартира
894,Санкт-Петербург,13508769,Квартира
895,Санкт-Петербург,13246852,Квартира
896,Санкт-Петербург,15526073,Дом
897,Екатеринбург,17033775,Дом
898,Екатеринбург,17194826,Дом
899,Екатеринбург,24323896,Дом
900,Санкт-Петербург,19429660,Апартаменты
901,Санкт-Петербург,9277986,Апартаменты
902,Екатеринбург,23783950,Квартира
903,Казань,3321566,Коммерческая
904,Санкт-Петербург,9547425,Коммерческая
905,Екатеринбург,16728270,Коммерческая
906,Екатеринбург,26828423,Коммерческая
907,Екатеринбург,8612095,Квартира
908,Москва,29705331,Дом
909,Казань,4097065,Апартаменты
910,Санкт-Петербург,21039151,Апартаменты
911,Санкт-Петербург,29197293,Коммерческая
912,Екатеринбург,21445749,Квартира
913,Москва,11988860,Апартаменты
914,Москва,28501506,Коммерческая
915,Санкт-Петербург,17265824,Квартира
916,Санкт-Петербург,12989454,Квартира
917,Екатеринбург,11818615,Апартаменты
918,Москва,17732741,Квартира
919,Санкт-Петербург,10042342,Апартаменты
920,Екатеринбург,8569418,Дом
921,Санкт-Петербург,9943845,Квартира
922,Казань,20860379,Апартаменты
923,Санкт-Петербург,13860013,Апартаменты
924,Казань,22217817,Апартаменты
925,Москва,7549608,Коммерческая
926,Москва,12305433,Дом
927,Санкт-Петербург,11377778,Дом
928,Казань,11306558,Коммерческая
929,Екатеринбург,7770488,Апартаменты
930,Екатеринбург,15588694,Коммерческая
931,Москва,24261019,Квартира
932,Екатеринбург,20301117,Апартаменты
933,Казань,18257054,Коммерческая
934,Казань,22527187,Квартира
935,Москва,27526005,Коммерческая
936,Казань,5125025,Коммерческая
937,Санкт-Петербург,17416430,Дом
938,Екатеринбург,12010601,Апартаменты
939,Казань,14333182,Дом
940,Екатеринбург,29451081,Апартаменты
941,Москва,4541588,Квартира
942,Екатеринбург,3546311,Квартира
943,Санкт-Петербург,17807099,Коммерческая
944,Москва,17354562,Дом
945,Санкт-Петербург,24810286,Апартаменты
946,Санкт-Петербург,12194567,Квартира
947,Казань,11401670,Квартира
948,Казань,25297215,Дом
949,Москва,16299016,Апартаменты
950,Санкт-Петербург,17402600,Квартира
951,Москва,3036450,Дом
952,Екатеринбург,5615189,Дом
953,Санкт-Петербург,20429656,Коммерческая
954,Москва,3270534,Апартаменты
955,Москва,17170504,Дом
956,Екатеринбург,5376603,Дом
957,Екатеринбург,5997453,Квартира
958,Москва,13514330,Апартаменты
959,Казань,7601295,Коммерческая
960,Санкт-Петербург,24527723,Дом
961,Москва,20800903,Квартира
962,Санкт-Петербург,17767286,Апартаменты
963,Санкт-Петербург,24074868,Дом
964,Екатеринбург,23672080,Коммерческая
965,Санкт-Петербург,5908767,Квартира
966,Санкт-Петербург,28247886,Квартира
967,Екатеринбург,14795578,Коммерческая
968,Казань,29544128,Дом
969,Санкт-Петербург,12293492,Квартира
970,Санкт-Петербург,21568909,Апартаменты
971,Москва,25092418,Апартаменты
972,Санкт-Петербург,20372777,Дом
973,Екатеринбург,12916745,Квартира
974,Санкт-Петербург,19605676,Коммерческая
975,Москва,11089361,Коммерческая
976,Москва,20726353,Квартира
977,Казань,13619060,Дом
978,Екатеринбург,22071681,Коммерческая
979,Казань,21332672,Дом
980,Екатеринбург,28849228,Квартира
981,Москва,22708648,Квартира
982,Москва,11797478,Дом
983,Москва,5028998,Коммерческая
984,Казань,24091332,Коммерческая
985,Екатеринбург,26548857,Коммерческая
986,Москва,24492864,Дом
987,Казань,5805052,Апартаменты
988,Москва,20156538,Дом
989,Санкт-Петербург,20998267,Апартаменты
990,Екатеринбург,22677565,Квартира
991,Казань,26443672,Коммерческая
992,Санкт-Петербург,4943001,Дом
993,Москва,17578850,Квартира
994,Екатеринбург,23545271,Квартира
995,Казань,25349921,Дом
996,Москва,3424965,Дом
997,Москва,8497310,Коммерческая
998,Казань,20549147,Апартаменты
999,Санкт-Петербург,15477867,Дом
1000,Казань,27593245,Квартира
1001,Москва,14241104,Коммерческая
1002,Казань,20577630,Квартира
1003,Казань,26901601,Квартира
1004,Екатеринбург,18273902,Апартаменты
1005,Москва,19764129,Дом
1006,Казань,8278447,Апартаменты
1007,Москва,22257301,Квартира
1008,Санкт-Петербург,27856450,Квартира
1009,Москва,3412319,Дом
1010,Москва,18829792,Апартаменты
1011,Екатеринбург,8036005,Дом
1012,Москва,21551063,Коммерческая
1013,Санкт-Петербург,13797883,Дом
1014,Екатеринбург,27168852,Апартаменты
1015,Казань,5613456,Апартаменты
1016,Москва,19845698,Квартира
1017,Санкт-Петербург,10488847,Квартира
1018,Екатеринбург,5312787,Коммерческая
1019,Казань,28955275,Апартаменты
1020,Казань,5898617,Коммерческая
1021,Москва,15378879,Дом
1022,Казань,21918214,Апартаменты
1023,Санкт-Петербург,18566796,Апартаменты
1024,Екатеринбург,28924599,Дом
1025,Санкт-Петербург,8052169,Квартира
1026,Екатеринбург,3802295,Дом
1027,Казань,24338667,Квартира
1028,Казань,3049057,Коммерческая
1029,Казань,6487950,Дом
1030,Санкт-Петербург,17086682,Коммерческая
1031,Москва,7777261,Апартаменты
1032,Москва,4473048,Дом
1033,Екатеринбург,26516519,Апартаменты
1034,Екатеринбург,28095339,Квартира
1035,Москва,19959341,Дом
1036,Екатеринбург,5510894,Квартира
1037,Екатеринбург,25227929,Дом
1038,Санкт-Петербург,12787023,Апартаменты
1039,Казань,29870953,Коммерческая
1040,Казань,13672246,Коммерческая
1041,Казань,10838692,Квартира
1042,Санкт-Петербург,7567155,Квартира
1043,Санкт-Петербург,6545285,Дом
1044,Екатеринбург,18638214,Апартаменты
1045,Екатеринбург,7051252,Апартаменты
1046,Санкт-Петербург,18163820,Апартаменты
1047,Екатеринбург,11892190,Квартира
1048,Москва,8288694,Апартаменты
1049,Москва,10214900,Апартаменты
1050,Санкт-Петербург,6060597,Дом
1051,Казань,16295757,Квартира
1052,Казань,11729748,Дом
1053,Москва,16569151,Коммерческая
1054,Санкт-Петербург,6178452,Коммерческая
1055,Москва,29974298,Дом
1056,Москва,3401207,Квартира
1057,Санкт-Петербург,7386075,Дом
1058,Екатеринбург,15490293,Квартира
1059,Казань,5516152,Квартира
1060,Москва,9635400,Коммерческая
1061,Санкт-Петербург,6086290,Апартаменты
1062,Москва,4432650,Коммерческая
1063,Москва,8636782,Коммерческая
1064,Екатеринбург,19647239,Квартира
1065,Екатеринбург,25924821,Коммерческая
1066,Санкт-Петербург,14876364,Дом
1067,Санкт-Петербург,12226857,Апартаменты
1068,Екатеринбург,7987242,Квартира
1069,Санкт-Петербург,24719059,Апартаменты
1070,Екатеринбург,16824164,Коммерческая
1071,Москва,5943446,Апартаменты
1072,Екатеринбург,7604876,Коммерческая
1073,Санкт-Петербург,24563840,Дом
1074,Москва,15834505,Апартаменты
1075,Екатеринбург,21270985,Коммерческая
1076,Казань,21980101,Апартаменты
1077,Екатеринбург,12074315,Дом
1078,Москва,13699755,Дом
1079,Москва,29123409,Апартаменты
1080,Москва,18827101,Апартаменты
1081,Санкт-Петербург,8356119,Квартира
1082,Санкт-Петербург,25040712,Дом
1083,Казань,20907650,Квартира
1084,Санкт-Петербург,22317021,Коммерческая
1085,Казань,8828808,Дом
1086,Санкт-Петербург,22881655,Апартаменты
1087,Казань,22849543,Квартира
1088,Казань,22047219,Дом
1089,Санкт-Петербург,19516388,Апартаменты
1090,Санкт-Петербург,19456315,Квартира
1091,Москва,4884684,Дом
1092,Санкт-Петербург,3668672,Коммерческая
1093,Москва,14131145,Дом
1094,Санкт-Петербург,14433976,Дом
1095,Казань,4998366,Квартира
1096,Санкт-Петербург,22683337,Дом
1097,Москва,20659525,Апартаменты
1098,Москва,15535626,Коммерческая
1099,Москва,14293115,Апартаменты
1100,Казань,7578558,Дом
1101,Екатеринбург,29569826,Коммерческая
1102,Казань,8845271,Апартаменты
1103,Санкт-Петербург,25331537,Дом
1104,Екатеринбург,13295279,Апартаменты
1105,Санкт-Петербург,8962900,Квартира
1106,Екатеринбург,28864775,Квартира
1107,Санкт-Петербург,23212809,Апартаменты
1108,Санкт-Петербург,24462984,Квартира
1109,Екатеринбург,7719208,Апартаменты
1110,Москва,10985818,Апартаменты
1111,Казань,8633366,Квартира
1112,Казань,17986413,Квартира
1113,Казань,10035837,Дом
1114,Москва,14760196,Апартаменты
1115,Москва,27173068,Квартира
1116,Москва,15949900,Коммерческая
1117,Екатеринбург,8581391,Коммерческая
1118,Екатеринбург,15707485,Апартаменты
1119,Екатеринбург,6403377,Коммерческая
1120,Санкт-Петербург,8457846,Коммерческая
1121,Москва,29816519,Квартира
1122,Казань,3673705,Апартаменты
1123,Казань,6513989,Квартира
1124,Казань,8707783,Коммерческая
1125,Санкт-Петербург,27561343,Квартира
1126,Москва,14339739,Коммерческая
1127,Москва,17472809,Дом
1128,Екатеринбург,8271528,Квартира
1129,Москва,14109690,Дом
1130,Санкт-Петербург,16733153,Апартаменты
1131,Казань,12979109,Дом
1132,Москва,4665489,Коммерческая
1133,Екатеринбург,8153623,Квартира
1134,Казань,3128029,Коммерческая
1135,Москва,12883439,Коммерческая
1136,Санкт-Петербург,6254340,Квартира
1137,Санкт-Петербург,8732177,Апартаменты
1138,Москва,18890394,Квартира
1139,Казань,29336087,Коммерческая
1140,Екатеринбург,19411365,Апартаменты
1141,Москва,24537461,Коммерческая
1142,Санкт-Петербург,15449382,Коммерческая
1143,Казань,9260684,Коммерческая
1144,Москва,11834746,Коммерческая
1145,Екатеринбург,11838264,Дом
1146,Казань,21932973,Квартира
1147,Санкт-Петербург,28240822,Квартира
1148,Москва,25419097,Апартаменты
1149,Екатеринбург,28382481,Дом
1150,Москва,15989125,Коммерческая
1151,Екатеринбург,22217102,Дом
1152,Екатеринбург,13027812,Квартира
1153,Екатеринбург,26968122,Квартира
1154,Санкт-Петербург,7035989,Коммерческая
1155,Санкт-Петербург,8609119,Дом
1156,Санкт-Петербург,7234099,Квартира
1157,Екатеринбург,5629611,Коммерческая
1158,Санкт-Петербург,24046219,Дом
1159,Казань,13729012,Квартира
1160,Москва,16022446,Коммерческая
1161,Казань,12267761,Коммерческая
1162,Москва,29392259,Коммерческая
1163,Москва,16906379,Дом
1164,Санкт-Петербург,22011737,Квартира
1165,Москва,21880533,Квартира
1166,Казань,20972877,Апартаменты
1167,Екатеринбург,11862954,Коммерческая
1168,Екатеринбург,22193914,Коммерческая
1169,Москва,8778064,Апартаменты
1170,Екатеринбург,7826894,Коммерческая
1171,Москва,16280600,Апартаменты
1172,Санкт-Петербург,4653930,Коммерческая
1173,Казань,15497036,Квартира
1174,Казань,29630544,Апартаменты
1175,Казань,12406872,Коммерческая
1176,Москва,10648981,Дом
1177,Казань,27955224,Коммерческая
1178,Казань,12040234,Коммерческая
1179,Москва,9306075,Коммерческая
1180,Санкт-Петербург,16662370,Коммерческая
1181,Казань,4885954,Дом
1182,Москва,13439558,Коммерческая
1183,Санкт-Петербург,29189785,Квартира
1184,Санкт-Петербург,9468067,Дом
1185,Москва,11371504,Квартира
1186,Екатеринбург,4696487,Апартаменты
1187,Санкт-Петербург,12193159,Апартаменты
1188,Екатеринбург,19949228,Коммерческая
1189,Москва,25856418,Квартира
1190,Санкт-Петербург,15497910,Коммерческая
1191,Екатеринбург,8958719,Коммерческая
1192,Казань,14551079,Дом
1193,Казань,28130965,Квартира
1194,Казань,3921085,Коммерческая
1195,Москва,8466265,Дом
1196,Санкт-Петербург,24722464,Дом
1197,Санкт-Петербург,12028946,Коммерческая
1198,Москва,29182646,Квартира
1199,Екатеринбург,7439724,Дом
1200,Москва,10508476,Апартаменты
1201,Казань,26915602,Апартаменты
1202,Екатеринбург,15632419,Апартаменты
1203,Екатеринбург,11455673,Дом
1204,Екатеринбург,13138306,Коммерческая
1205,Москва,3246543,Апартаменты
1206,Казань,13015190,Квартира
1207,Екатеринбург,5142016,Апартаменты
1208,Казань,24494792,Апартаменты
1209,Казань,11762636,Апартаменты
1210,Санкт-Петербург,8030792,Дом
1211,Москва,29922859,Коммерческая
1212,Казань,25842372,Дом
1213,Москва,24991593,Коммерческая
1214,Казань,11704901,Коммерческая
1215,Екатеринбург,16028344,Квартира
1216,Санкт-Петербург,14514775,Дом
1217,Екатеринбург,25544165,Апартаменты
1218,Казань,8703805,Дом
1219,Казань,6275015,Коммерческая
1220,Санкт-Петербург,27861112,Апартаменты
1221,Санкт-Петербург,25807362,Апартаменты
1222,Москва,10457590,Апартаменты
1223,Санкт-Петербург,27971541,Апартаменты
1224,Екатеринбург,29443926,Апартаменты
1225,Казань,11742917,Апартаменты
1226,Екатеринбург,6952090,Коммерческая
1227,Москва,24286822,Квартира
1228,Екатеринбург,9527806,Квартира
1229,Екатеринбург,20778430,Апартаменты
1230,Екатеринбург,4814018,Дом
1231,Санкт-Петербург,9720838,Апартаменты
1232,Екатеринбург,22106013,Коммерческая
1233,Санкт-Петербург,13616067,Дом
1234,Москва,19360498,Апартаменты
1235,Санкт-Петербург,13516431,Квартира
1236,Москва,18168389,Апартаменты
1237,Санкт-Петербург,28541408,Дом
1238,Санкт-Петербург,19427481,Квартира
1239,Санкт-Петербург,23618518,Коммерческая
1240,Екатеринбург,16535639,Коммерческая
1241,Екатеринбург,15861964,Квартира
1242,Москва,20910772,Дом
1243,Казань,3472349,Апартаменты
1244,Санкт-Петербург,3601165,Квартира
1245,Санкт-Петербург,10592217,Апартаменты
1246,Казань,7326199,Квартира
1247,Екатеринбург,19889169,Апартаменты
1248,Санкт-Петербург,5190668,Квартира
1249,Казань,12758561,Коммерческая
1250,Казань,17551390,Дом
1251,Казань,19447667,Апартаменты
1252,Санкт-Петербург,8532572,Коммерческая
1253,Москва,10664445,Дом
1254,Санкт-Петербург,10086368,Квартира
1255,Санкт-Петербург,7132630,Апартаменты
1256,Москва,15589368,Апартаменты
1257,Москва,22928784,Квартира
1258,Москва,24930090,Квартира
1259,Москва,26144161,Квартира
1260,Екатеринбург,17908713,Коммерческая
1261,Москва,21363749,Апартаменты
1262,Екатеринбург,26550789,Дом
1263,Санкт-Петербург,26326773,Квартира
1264,Казань,17122102,Квартира
1265,Казань,23897625,Дом
1266,Екатеринбург,6520337,Квартира
1267,Казань,6825626,Квартира
1268,Екатеринбург,9665475,Дом
1269,Казань,20553870,Дом
1270,Казань,26603420,Коммерческая
1271,Казань,8381245,Квартира
1272,Екатеринбург,9969053,Коммерческая
1273,Казань,10868691,Квартира
1274,Москва,25536268,Квартира
1275,Москва,22265369,Коммерческая
1276,Санкт-Петербург,6022672,Квартира
1277,Москва,11586314,Дом
1278,Екатеринбург,12932856,Апартаменты
1279,Екатеринбург,4680412,Квартира
1280,Санкт-Петербург,4323538,Апартаменты
1281,Казань,29897101,Апартаменты
1282,Екатеринбург,27781296,Квартира
1283,Москва,28441104,Квартира
1284,Москва,7643746,Дом
1285,Казань,14996628,Коммерческая
1286,Казань,27597678,Квартира
1287,Казань,14499866,Дом
1288,Москва,16447861,Коммерческая
1289,Екатеринбург,12121204,Коммерческая
1290,Екатеринбург,29840159,Коммерческая
1291,Санкт-Петербург,6793548,Дом
1292,Москва,8348422,Квартира
1293,Екатеринбург,22822290,Коммерческая
1294,Екатеринбург,9082095,Коммерческая
1295,Казань,23513784,Квартира
1296,Санкт-Петербург,19209463,Коммерческая
1297,Москва,16800409,Коммерческая
1298,Москва,5125205,Апартаменты
1299,Казань,3414739,Дом
1300,Казань,20418094,Квартира
1301,Екатеринбург,25203412,Дом
1302,Екатеринбург,14601427,Коммерческая
1303,Санкт-Петербург,21734923,Квартира
1304,Москва,24588878,Дом
1305,Екатеринбург,19637459,Дом
1306,Москва,28213806,Коммерческая
1307,Казань,11082988,Апартаменты
1308,Казань,4689489,Дом
1309,Екатеринбург,16531730,Дом
1310,Москва,18404658,Коммерческая
1311,Екатеринбург,5953456,Коммерческая
1312,Екатеринбург,13605265,Квартира
1313,Екатеринбург,28006070,Квартира
1314,Москва,16537188,Коммерческая
1315,Москва,21694214,Квартира
1316,Москва,29567838,Апартаменты
1317,Санкт-Петербург,24964596,Коммерческая
1318,Казань,15191750,Квартира
1319,Санкт-Петербург,18249146,Апартаменты
1320,Екатеринбург,27047054,Апартаменты
1321,Екатеринбург,6825989,Квартира
1322,Санкт-Петербург,3073717,Апартаменты
1323,Казань,24262140,Апартаменты
1324,Казань,26558434,Квартира
1325,Москва,8508140,Коммерческая
1326,Санкт-Петербург,27053699,Коммерческая
1327,Москва,11532533,Дом
1328,Санкт-Петербург,7051556,Коммерческая
1329,Санкт-Петербург,18335919,Дом
1330,Казань,6616018,Коммерческая
1331,Москва,24248024,Квартира
1332,Екатеринбург,18347390,Дом
1333,Екатеринбург,3145546,Квартира
1334,Екатеринбург,22633393,Коммерческая
1335,Санкт-Петербург,26213550,Дом
1336,Санкт-Петербург,6474694,Коммерческая
1337,Казань,19915128,Коммерческая
1338,Екатеринбург,23434437,Дом
1339,Казань,16350301,Апартаменты
1340,Казань,18194980,Дом
1341,Санкт-Петербург,16849439,Апартаменты
1342,Казань,26886539,Дом
1343,Санкт-Петербург,10036790,Апартаменты
1344,Казань,25561118,Дом
1345,Санкт-Петербург,19907858,Апартаменты
1346,Москва,28527373,Апартаменты
1347,Екатеринбург,22555733,Коммерческая
1348,Казань,17172934,Квартира
1349,Москва,3847992,Коммерческая
1350,Санкт-Петербург,4780565,Квартира
1351,Санкт-Петербург,11958304,Дом
1352,Казань,25930774,Апартаменты
1353,Санкт-Петербург,5081476,Апартаменты
1354,Санкт-Петербург,28286416,Квартира
1355,Казань,18186551,Квартира
1356,Санкт-Петербург,27911237,Коммерческая
1357,Санкт-Петербург,20143707,Апартаменты
1358,Москва,15803788,Коммерческая
1359,Екатеринбург,29444634,Апартаменты
1360,Москва,3435041,Апартаменты
1361,Санкт-Петербург,23822595,Коммерческая
1362,Санкт-Петербург,24266412,Апартаменты
1363,Санкт-Петербург,29043163,Дом
1364,Казань,18059729,Дом
1365,Москва,9273892,Дом
1366,Москва,15656672,Квартира
1367,Екатеринбург,12365452,Апартаменты
1368,Санкт-Петербург,8399876,Апартаменты
1369,Москва,14091846,Коммерческая
1370,Санкт-Петербург,4340183,Дом
1371,Казань,23027980,Квартира
1372,Казань,19460158,Апартаменты
1373,Москва,29307729,Апартаменты
1374,Санкт-Петербург,9169623,Квартира
1375,Санкт-Петербург,16956336,Коммерческая
1376,Москва,14724017,Дом
1377,Санкт-Петербург,25257811,Апартаменты
1378,Казань,15106366,Апартаменты
1379,Санкт-Петербург,28254934,Коммерческая
1380,Москва,6849429,Апартаменты
1381,Екатеринбург,11064736,Дом
1382,Москва,25902623,Апартаменты
1383,Екатеринбург,29716259,Квартира
1384,Екатеринбург,11609750,Апартаменты
1385,Москва,20343206,Апартаменты
1386,Екатеринбург,19334455,Квартира
1387,Казань,24861658,Дом
1388,Казань,20243444,Квартира
1389,Москва,8616837,Квартира
1390,Москва,10072652,Дом
1391,Екатеринбург,6487205,Дом
1392,Екатеринбург,24694992,Квартира
1393,Санкт-Петербург,3797016,Коммерческая
1394,Казань,4271253,Квартира
1395,Москва,4820934,Дом
1396,Казань,21726198,Квартира
1397,Санкт-Петербург,11678785,Коммерческая
1398,Екатеринбург,18137265,Коммерческая
1399,Екатеринбург,13616764,Квартира
1400,Екатеринбург,25592156,Квартира
1401,Москва,24522575,Квартира
1402,Москва,26517698,Квартира
1403,Казань,19872408,Квартира
1404,Казань,29403710,Апартаменты
1405,Москва,12446157,Коммерческая
1406,Екатеринбург,16257800,Квартира
1407,Екатеринбург,8245345,Дом
1408,Санкт-Петербург,28056903,Коммерческая
1409,Казань,24275042,Дом
1410,Казань,25726049,Апартаменты
1411,Москва,21573189,Дом
1412,Москва,4401674,Квартира
1413,Екатеринбург,21023831,Квартира
1414,Казань,10048205,Апартаменты
1415,Санкт-Петербург,16846387,Дом
1416,Санкт-Петербург,9173771,Дом
1417,Казань,9520505,Квартира
1418,Санкт-Петербург,25514282,Квартира
1419,Екатеринбург,24631687,Квартира
1420,Казань,25538017,Квартира
1421,Казань,6295125,Дом
1422,Екатеринбург,14101515,Апартаменты
1423,Санкт-Петербург,25524941,Дом
1424,Москва,12567614,Квартира
1425,Санкт-Петербург,13663126,Коммерческая
1426,Екатеринбург,14017466,Апартаменты
1427,Санкт-Петербург,21976776,Апартаменты
1428,Казань,17371611,Дом
1429,Москва,13509744,Дом
1430,Санкт-Петербург,26897437,Коммерческая
1431,Казань,15062348,Дом
1432,Казань,19104582,Коммерческая
1433,Екатеринбург,15037370,Апартаменты
1434,Екатеринбург,21511034,Квартира
1435,Санкт-Петербург,24661117,Квартира
1436,Казань,7697676,Дом
1437,Казань,27613672,Квартира
1438,Москва,3625128,Квартира
1439,Екатеринбург,28810077,Дом
1440,Москва,21508423,Апартаменты
1441,Екатеринбург,24941516,Дом
1442,Казань,16170059,Дом
1443,Казань,7492309,Коммерческая
1444,Москва,16313900,Апартаменты
1445,Москва,25235800,Дом
1446,Санкт-Петербург,28407619,Дом
1447,Екатеринбург,8342617,Дом
1448,Санкт-Петербург,27693371,Коммерческая
1449,Казань,4356264,Дом
1450,Екатеринбург,10776236,Квартира
1451,Казань,15396187,Дом
1452,Москва,25434010,Дом
1453,Казань,16022243,Коммерческая
1454,Екатеринбург,4558182,Квартира
1455,Казань,6463656,Апартаменты
1456,Казань,22415649,Дом
1457,Екатеринбург,24933703,Коммерческая
1458,Казань,22719229,Квартира
1459,Казань,15627498,Дом
1460,Екатеринбург,14841292,Апартаменты
1461,Екатеринбург,29597170,Коммерческая
1462,Москва,19838854,Дом
1463,Екатеринбург,8556809,Дом
1464,Москва,20265140,Апартаменты
1465,Санкт-Петербург,8041231,Дом
1466,Санкт-Петербург,15154185,Квартира
1467,Санкт-Петербург,16912126,Апартаменты
1468,Москва,19157017,Коммерческая
1469,Екатеринбург,10070051,Дом
1470,Екатеринбург,3753164,Дом
1471,Москва,7291112,Дом
1472,Санкт-Петербург,24123871,Квартира
1473,Санкт-Петербург,4876095,Дом
1474,Казань,9041057,Коммерческая
1475,Москва,27144000,Апартаменты
1476,Москва,10267669,Коммерческая
1477,Екатеринбург,19162109,Дом
1478,Санкт-Петербург,16783048,Дом
1479,Санкт-Петербург,23911515,Апартаменты
1480,Санкт-Петербург,27299676,Апартаменты
1481,Екатеринбург,23016338,Квартира
1482,Санкт-Петербург,15690667,Коммерческая
1483,Санкт-Петербург,6643008,Квартира
1484,Санкт-Петербург,20539282,Коммерческая
1485,Санкт-Петербург,23317578,Квартира
1486,Санкт-Петербург,18967520,Квартира
1487,Москва,6126936,Коммерческая
1488,Санкт-Петербург,23249249,Квартира
1489,Екатеринбург,20516897,Коммерческая
1490,Казань,4457546,Коммерческая
1491,Санкт-Петербург,29920727,Коммерческая
1492,Екатеринбург,14761426,Квартира
1493,Екатеринбург,7492371,Апартаменты
1494,Екатеринбург,28697960,Дом
1495,Москва,12504852,Коммерческая
1496,Казань,9342492,Квартира
1497,Москва,22394030,Квартира
1498,Москва,15583914,Дом
1499,Казань,16718564,Апартаменты
1500,Москва,8193507,Коммерческая
1501,Казань,11767870,Коммерческая
1502,Казань,23531308,Апартаменты
1503,Екатеринбург,28332653,Дом
1504,Екатеринбург,21525567,Коммерческая
1505,Санкт-Петербург,15422285,Коммерческая
1506,Казань,13289570,Апартаменты
1507,Екатеринбург,27688761,Дом
1508,Москва,28092480,Дом
1509,Екатеринбург,29276786,Дом
1510,Москва,10196021,Коммерческая
1511,Казань,29872192,Квартира
1512,Санкт-Петербург,16056152,Квартира
1513,Москва,7876413,Коммерческая
1514,Екатеринбург,5957510,Квартира
1515,Казань,10441374,Апартаменты
1516,Москва,23435617,Квартира
1517,Екатеринбург,16443410,Апартаменты
1518,Москва,28957992,Дом
1519,Екатеринбург,17729457,Квартира
1520,Санкт-Петербург,25041376,Апартаменты
1521,Санкт-Петербург,4127742,Дом
1522,Санкт-Петербург,25616505,Квартира
1523,Казань,11028120,Квартира
1524,Санкт-Петербург,5913961,Апартаменты
1525,Екатеринбург,14848998,Коммерческая
1526,Екатеринбург,22665587,Дом
1527,Москва,27727117,Квартира
1528,Москва,21441269,Апартаменты
1529,Казань,14659329,Апартаменты
1530,Санкт-Петербург,23346179,Дом
1531,Екатеринбург,16554529,Квартира
1532,Казань,8873192,Коммерческая
1533,Москва,21744536,Квартира
1534,Казань,14407362,Квартира
1535,Казань,21049042,Апартаменты
1536,Екатеринбург,15652714,Коммерческая
1537,Санкт-Петербург,28416585,Апартаменты
1538,Екатеринбург,25870522,Коммерческая
1539,Москва,19172235,Квартира
1540,Казань,5266744,Коммерческая
1541,Санкт-Петербург,25713430,Дом
1542,Казань,16838719,Апартаменты
1543,Москва,26515568,Апартаменты
1544,Санкт-Петербург,12639838,Квартира
1545,Екатеринбург,25605550,Апартаменты
1546,Москва,21607660,Дом
1547,Екатеринбург,13531822,Апартаменты
1548,Санкт-Петербург,22250601,Апартаменты
1549,Санкт-Петербург,28036849,Дом
1550,Екатеринбург,27733382,Дом
1551,Санкт-Петербург,27676904,Дом
1552,Казань,9938339,Дом
1553,Санкт-Петербург,11378388,Апартаменты
1554,Санкт-Петербург,29136838,Квартира
1555,Москва,5633605,Коммерческая
1556,Москва,28643780,Квартира
1557,Екатеринбург,15455288,Апартаменты
1558,Екатеринбург,22277671,Апартаменты
1559,Екатеринбург,9136161,Апартаменты
1560,Екатеринбург,10452197,Дом
1561,Москва,20640754,Коммерческая
1562,Екатеринбург,21145161,Квартира
1563,Казань,16210947,Дом
1564,Екатеринбург,7038885,Коммерческая
1565,Казань,26126068,Квартира
1566,Москва,25619145,Дом
1567,Екатеринбург,22495400,Квартира
1568,Казань,15133360,Апартаменты
1569,Санкт-Петербург,21406733,Апартаменты
1570,Санкт-Петербург,12039840,Коммерческая
1571,Казань,15278377,Дом
1572,Екатеринбург,17225162,Дом
1573,Екатеринбург,26512014,Апартаменты
1574,Казань,16441657,Апартаменты
1575,Екатеринбург,9036080,Дом
1576,Санкт-Петербург,6351072,Апартаменты
1577,Санкт-Петербург,21634119,Коммерческая
1578,Екатеринбург,9578789,Дом
1579,Санкт-Петербург,18870810,Квартира
1580,Санкт-Петербург,17143886,Коммерческая
1581,Санкт-Петербург,24161169,Апартаменты
1582,Екатеринбург,13067476,Апартаменты
1583,Москва,16368149,Квартира
1584,Санкт-Петербург,5014486,Дом
1585,Казань,18990009,Квартира
1586,Екатеринбург,27984402,Апартаменты
1587,Казань,15111875,Апартаменты
1588,Казань,14547431,Квартира
1589,Екатеринбург,7068055,Апартаменты
1590,Санкт-Петербург,22356000,Дом
1591,Казань,14915482,Апартаменты
1592,Екатеринбург,28996107,Коммерческая
1593,Москва,15786620,Апартаменты
1594,Екатеринбург,24196743,Дом
1595,Санкт-Петербург,24494319,Апартаменты
1596,Екатеринбург,24182020,Коммерческая
1597,Москва,5654555,Дом
1598,Казань,10657723,Апартаменты
1599,Казань,24911483,Апартаменты
1600,Казань,23313348,Коммерческая
1601,Казань,17928312,Апартаменты
1602,Екатеринбург,16891167,Дом
1603,Санкт-Петербург,3775144,Дом
1604,Санкт-Петербург,25213790,Апартаменты
1605,Москва,10065606,Дом
1606,Екатеринбург,6456419,Квартира
1607,Москва,18877480,Квартира
1608,Москва,28868242,Коммерческая
1609,Москва,6487258,Апартаменты
1610,Санкт-Петербург,5829016,Коммерческая
1611,Казань,10695908,Дом
1612,Казань,17869996,Дом
1613,Санкт-Петербург,20674539,Дом
1614,Москва,4179605,Апартаменты
1615,Казань,18977101,Коммерческая
1616,Казань,21406125,Коммерческая
1617,Санкт-Петербург,26408339,Дом
1618,Екатеринбург,24174441,Коммерческая
1619,Казань,14649035,Коммерческая
1620,Санкт-Петербург,6004934,Коммерческая
1621,Казань,15273651,Коммерческая
1622,Казань,8225013,Апартаменты
1623,Москва,3003098,Дом
1624,Казань,12622144,Коммерческая
1625,Москва,26077730,Коммерческая
1626,Екатеринбург,13053260,Квартира
1627,Екатеринбург,29775254,Апартаменты
1628,Санкт-Петербург,29735077,Квартира
1629,Казань,9327392,Коммерческая
1630,Екатеринбург,16245681,Дом
1631,Санкт-Петербург,26989337,Коммерческая
1632,Екатеринбург,10401853,Апартаменты
1633,Москва,17168002,Дом
1634,Казань,12552170,Апартаменты
1635,Екатеринбург,9308254,Квартира
1636,Санкт-Петербург,7584341,Апартаменты
1637,Москва,24370573,Коммерческая
1638,Екатеринбург,12131306,Коммерческая
1639,Санкт-Петербург,13759018,Квартира
1640,Санкт-Петербург,4665375,Квартира
1641,Санкт-Петербург,6431728,Апартаменты
1642,Казань,7195619,Коммерческая
1643,Москва,10811824,Квартира
1644,Санкт-Петербург,3494083,Коммерческая
1645,Санкт-Петербург,14472691,Коммерческая
1646,Казань,29364567,Коммерческая
1647,Казань,18558668,Квартира
1648,Казань,5691840,Дом
1649,Москва,11942376,Коммерческая
1650,Москва,21226497,Коммерческая
1651,Санкт-Петербург,9448903,Апартаменты
1652,Екатеринбург,3423305,Квартира
1653,Санкт-Петербург,15911674,Коммерческая
1654,Санкт-Петербург,27750386,Квартира
1655,Санкт-Петербург,18463044,Квартира
1656,Санкт-Петербург,18865392,Коммерческая
1657,Казань,13840201,Дом
1658,Москва,27988810,Квартира
1659,Казань,19147385,Апартаменты
1660,Санкт-Петербург,15093911,Квартира
1661,Санкт-Петербург,6789250,Дом
1662,Екатеринбург,13888865,Квартира
1663,Санкт-Петербург,29655318,Апартаменты
1664,Москва,16281122,Дом
1665,Москва,4409063,Коммерческая
1666,Санкт-Петербург,15462071,Квартира
1667,Санкт-Петербург,8291482,Коммерческая
1668,Москва,26016482,Апартаменты
1669,Москва,5005720,Апартаменты
1670,Санкт-Петербург,26532667,Квартира
1671,Санкт-Петербург,19369290,Дом
1672,Казань,21735131,Апартаменты
1673,Екатеринбург,27601734,Дом
1674,Москва,26127391,Коммерческая
1675,Казань,27306802,Дом
1676,Казань,4325015,Коммерческая
1677,Екатеринбург,21757759,Апартаменты
1678,Екатеринбург,9367820,Дом
1679,Казань,13860927,Коммерческая
1680,Казань,23088365,Дом
1681,Москва,20822014,Дом
1682,Екатеринбург,12921128,Апартаменты
1683,Казань,18236362,Квартира
1684,Екатеринбург,27617468,Дом
1685,Москва,23794842,Апартаменты
1686,Санкт-Петербург,13760708,Квартира
1687,Екатеринбург,9370961,Коммерческая
1688,Санкт-Петербург,23570183,Апартаменты
1689,Казань,16750758,Апартаменты
1690,Москва,6229825,Квартира
1691,Москва,7354501,Дом
1692,Москва,9780647,Квартира
1693,Екатеринбург,9429587,Квартира
1694,Москва,22159989,Коммерческая
1695,Екатеринбург,20643637,Апартаменты
1696,Москва,15292801,Дом
1697,Москва,3439096,Дом
1698,Екатеринбург,5682905,Коммерческая
1699,Москва,15110668,Коммерческая
1700,Казань,29650593,Квартира
1701,Казань,20750993,Квартира
1702,Москва,13197344,Квартира
1703,Санкт-Петербург,20431033,Квартира
1704,Москва,27332732,Дом
1705,Екатеринбург,9357236,Дом
1706,Санкт-Петербург,22126954,Дом
1707,Екатеринбург,28035242,Квартира
1708,Казань,25632214,Коммерческая
1709,Екатеринбург,6493096,Дом
1710,Санкт-Петербург,21453778,Коммерческая
1711,Казань,25063108,Дом
1712,Екатеринбург,14822034,Апартаменты
1713,Казань,15472837,Коммерческая
1714,Екатеринбург,27356077,Апартаменты
1715,Санкт-Петербург,21896000,Дом
1716,Екатеринбург,28692904,Апартаменты
1717,Казань,18180141,Коммерческая
1718,Екатеринбург,3006564,Квартира
1719,Казань,22990483,Квартира
1720,Санкт-Петербург,13128125,Квартира
1721,Казань,10445282,Дом
1722,Казань,3728177,Апартаменты
1723,Санкт-Петербург,6163751,Квартира
1724,Екатеринбург,14933826,Дом
1725,Санкт-Петербург,11891527,Апартаменты
1726,Санкт-Петербург,10817986,Апартаменты
1727,Казань,6083824,Коммерческая
1728,Санкт-Петербург,27637877,Квартира
1729,Казань,29605449,Коммерческая
1730,Санкт-Петербург,19383837,Квартира
1731,Казань,4253982,Коммерческая
1732,Москва,29176547,Квартира
1733,Казань,14674600,Коммерческая
1734,Екатеринбург,7044668,Дом
1735,Москва,24269721,Коммерческая
1736,Москва,13226833,Квартира
1737,Казань,21117035,Дом
1738,Казань,19857800,Дом
1739,Санкт-Петербург,4695163,Коммерческая
1740,Екатеринбург,28261125,Квартира
1741,Санкт-Петербург,17493356,Апартаменты
1742,Екатеринбург,7966472,Дом
1743,Казань,5769754,Коммерческая
1744,Москва,21392942,Коммерческая
1745,Казань,5854777,Коммерческая
1746,Екатеринбург,28965262,Дом
1747,Санкт-Петербург,19137081,Дом
1748,Екатеринбург,16264697,Дом
1749,Санкт-Петербург,11130745,Квартира
1750,Казань,29064139,Коммерческая
1751,Казань,25975993,Квартира
1752,Москва,25540107,Коммерческая
1753,Екатеринбург,15256348,Апартаменты
1754,Санкт-Петербург,13762193,Апартаменты
1755,Москва,28826218,Апартаменты
1756,Санкт-Петербург,14734535,Коммерческая
1757,Санкт-Петербург,17779500,Квартира
1758,Санкт-Петербург,9700323,Апартаменты
1759,Санкт-Петербург,28425326,Квартира
1760,Москва,27816241,Квартира
1761,Санкт-Петербург,23837384,Дом
1762,Казань,3460812,Апартаменты
1763,Москва,13238062,Коммерческая
1764,Екатеринбург,3763300,Апартаменты
1765,Санкт-Петербург,27830715,Дом
1766,Санкт-Петербург,21334954,Апартаменты
1767,Екатеринбург,23905820,Дом
1768,Москва,15636822,Квартира
1769,Казань,8714979,Квартира
1770,Казань,9734242,Апартаменты
1771,Москва,18601496,Квартира
1772,Москва,16040767,Апартаменты
1773,Казань,6620235,Квартира
1774,Казань,24790622,Коммерческая
1775,Санкт-Петербург,15774212,Квартира
1776,Казань,19262563,Квартира
1777,Санкт-Петербург,9673144,Коммерческая
1778,Москва,4333869,Дом
1779,Казань,14192739,Коммерческая
1780,Екатеринбург,27977607,Дом
1781,Москва,14636002,Апартаменты
1782,Казань,23979270,Апартаменты
1783,Санкт-Петербург,19819208,Апартаменты
1784,Москва,23998107,Апартаменты
1785,Екатеринбург,3988711,Апартаменты
1786,Санкт-Петербург,8090481,Апартаменты
1787,Екатеринбург,25042972,Дом
1788,Москва,27491033,Коммерческая
1789,Санкт-Петербург,17003383,Дом
1790,Санкт-Петербург,17309790,Апартаменты
1791,Казань,18071616,Дом
1792,Санкт-Петербург,24893349,Дом
1793,Санкт-Петербург,7634190,Апартаменты
1794,Санкт-Петербург,17430563,Дом
1795,Санкт-Петербург,13653405,Квартира
1796,Москва,9178552,Апартаменты
1797,Санкт-Петербург,27396740,Квартира
1798,Казань,16892882,Коммерческая
1799,Казань,17864763,Апартаменты
1800,Санкт-Петербург,29142522,Дом
1801,Москва,7413947,Дом
1802,Москва,28583492,Апартаменты
1803,Санкт-Петербург,23010544,Дом
1804,Санкт-Петербург,26064574,Квартира
1805,Казань,5666752,Коммерческая
1806,Санкт-Петербург,19855216,Коммерческая
1807,Казань,9173226,Коммерческая
1808,Екатеринбург,18899664,Дом
1809,Санкт-Петербург,9484723,Дом
1810,Москва,16709977,Квартира
1811,Казань,16859457,Дом
1812,Санкт-Петербург,28426763,Дом
1813,Москва,8941758,Коммерческая
1814,Екатеринбург,26080842,Апартаменты
1815,Екатеринбург,11280691,Коммерческая
1816,Екатеринбург,29045444,Квартира
1817,Екатеринбург,27165932,Апартаменты
1818,Екатеринбург,23518698,Квартира
1819,Москва,18153503,Коммерческая
1820,Москва,11245050,Коммерческая
1821,Москва,21713338,Коммерческая
1822,Москва,9370320,Апартаменты
1823,Екатеринбург,16356002,Апартаменты
1824,Казань,18480242,Дом
1825,Екатеринбург,12879086,Квартира
1826,Санкт-Петербург,18555128,Коммерческая
1827,Москва,27248002,Квартира
1828,Санкт-Петербург,29129881,Дом
1829,Екатеринбург,16876747,Апартаменты
1830,Екатеринбург,3835911,Дом
1831,Екатеринбург,22807700,Дом
1832,Екатеринбург,6025927,Апартаменты
1833,Казань,26210185,Дом
1834,Москва,6059870,Квартира
1835,Екатеринбург,24275939,Апартаменты
1836,Москва,20576392,Коммерческая
1837,Санкт-Петербург,15706346,Коммерческая
1838,Москва,28778538,Дом
1839,Казань,21974748,Дом
1840,Санкт-Петербург,7852218,Дом
1841,Москва,17078825,Апартаменты
1842,Казань,27500162,Коммерческая
1843,Казань,24020269,Дом
1844,Москва,7414791,Дом
1845,Москва,23889658,Апартаменты
1846,Москва,18389493,Коммерческая
1847,Екатеринбург,21236872,Квартира
1848,Екатеринбург,10981873,Дом
1849,Екатеринбург,18224937,Коммерческая
1850,Екатеринбург,5664386,Квартира
1851,Санкт-Петербург,21365736,Апартаменты
1852,Санкт-Петербург,4641442,Дом
1853,Санкт-Петербург,4847639,Апартаменты
1854,Москва,7877955,Квартира
1855,Казань,14110244,Квартира
1856,Москва,6653663,Коммерческая
1857,Санкт-Петербург,8413511,Апартаменты
1858,Санкт-Петербург,18278602,Апартаменты
1859,Москва,6124799,Апартаменты
1860,Казань,15367137,Коммерческая
1861,Москва,28449090,Коммерческая
1862,Москва,12825835,Коммерческая
1863,Санкт-Петербург,7094420,Апартаменты
1864,Казань,20684955,Коммерческая
1865,Санкт-Петербург,26348163,Дом
1866,Москва,6667574,Квартира
1867,Екатеринбург,27295896,Апартаменты
1868,Екатеринбург,23429434,Апартаменты
1869,Казань,20629204,Апартаменты
1870,Санкт-Петербург,23612151,Коммерческая
1871,Екатеринбург,19525707,Дом
1872,Санкт-Петербург,26776236,Апартаменты
1873,Санкт-Петербург,3053046,Квартира
1874,Москва,18598973,Квартира
1875,Санкт-Петербург,29828927,Коммерческая
1876,Екатеринбург,4526464,Апартаменты
1877,Казань,21804423,Дом
1878,Москва,24495583,Дом
1879,Казань,11536835,Квартира
1880,Казань,13075858,Апартаменты
1881,Москва,6819727,Апартаменты
1882,Казань,16289210,Квартира
1883,Санкт-Петербург,9510082,Апартаменты
1884,Казань,25564448,Коммерческая
1885,Екатеринбург,29751418,Квартира
1886,Санкт-Петербург,19156308,Дом
1887,Екатеринбург,21017640,Апартаменты
1888,Екатеринбург,29306306,Коммерческая
1889,Москва,20484316,Апартаменты
1890,Казань,21628655,Квартира
1891,Санкт-Петербург,22374249,Апартаменты
1892,Казань,5221740,Дом
1893,Казань,4045997,Апартаменты
1894,Екатеринбург,24022215,Дом
1895,Екатеринбург,9287392,Квартира
1896,Казань,26664806,Апартаменты
1897,Москва,12109941,Коммерческая
1898,Москва,19678379,Дом
1899,Казань,18163460,Апартаменты
1900,Санкт-Петербург,20619446,Апартаменты
1901,Санкт-Петербург,6765856,Апартаменты
1902,Москва,29098314,Дом
1903,Москва,17890587,Квартира
1904,Екатеринбург,19779038,Дом
1905,Санкт-Петербург,14412395,Коммерческая
1906,Казань,29022576,Апартаменты
1907,Санкт-Петербург,28819511,Квартира
1908,Санкт-Петербург,9884936,Квартира
1909,Екатеринбург,16005302,Квартира
1910,Москва,13434801,Квартира
1911,Москва,14183348,Коммерческая
1912,Москва,6459556,Апартаменты
1913,Москва,22379692,Апартаменты
1914,Санкт-Петербург,13766958,Дом
1915,Санкт-Петербург,12615605,Апартаменты
1916,Казань,28930432,Коммерческая
1917,Москва,12148757,Дом
1918,Санкт-Петербург,12181730,Квартира
1919,Москва,23902564,Квартира
1920,Санкт-Петербург,21204242,Апартаменты
1921,Казань,12094999,Дом
1922,Казань,22263027,Дом
1923,Санкт-Петербург,5390514,Апартаменты
1924,Казань,21138757,Коммерческая
1925,Москва,7364559,Квартира
1926,Екатеринбург,25665882,Квартира
1927,Москва,15871468,Квартира
1928,Москва,17309815,Коммерческая
1929,Санкт-Петербург,26645056,Коммерческая
1930,Казань,13483768,Апартаменты
1931,Санкт-Петербург,26920910,Квартира
1932,Екатеринбург,22051847,Дом
1933,Москва,29922415,Коммерческая
1934,Москва,18286868,Апартаменты
1935,Екатеринбург,18788899,Дом
1936,Санкт-Петербург,7822499,Апартаменты
1937,Казань,16155918,Дом
1938,Казань,29467021,Апартаменты
1939,Екатеринбург,19358011,Квартира
1940,Москва,18949574,Квартира
1941,Казань,19060898,Коммерческая
1942,Санкт-Петербург,12470985,Апартаменты
1943,Санкт-Петербург,20043962,Квартира
1944,Екатеринбург,26967027,Квартира
1945,Казань,21661292,Квартира
1946,Казань,20875974,Коммерческая
1947,Екатеринбург,22815098,Коммерческая
1948,Санкт-Петербург,23833102,Дом
1949,Санкт-Петербург,19185807,Коммерческая
1950,Москва,14432470,Дом
1951,Екатеринбург,29317209,Коммерческая
1952,Казань,21271290,Дом
1953,Санкт-Петербург,25233577,Квартира
1954,Екатеринбург,6836038,Коммерческая
1955,Казань,21625652,Квартира
1956,Екатеринбург,8911418,Апартаменты
1957,Екатеринбург,5335644,Квартира
1958,Екатеринбург,13985997,Коммерческая
1959,Москва,6037783,Дом
1960,Санкт-Петербург,22487336,Квартира
1961,Санкт-Петербург,25175499,Дом
1962,Екатеринбург,20825987,Апартаменты
1963,Екатеринбург,23655174,Коммерческая
1964,Санкт-Петербург,9900860,Апартаменты
1965,Казань,22135300,Апартаменты
1966,Екатеринбург,27085076,Апартаменты
1967,Москва,22553072,Квартира
1968,Екатеринбург,7280058,Апартаменты
1969,Москва,15389064,Квартира
1970,Москва,26600648,Апартаменты
1971,Москва,12469370,Квартира
1972,Санкт-Петербург,17485968,Коммерческая
1973,Казань,26883160,Коммерческая
1974,Екатеринбург,15803198,Коммерческая
1975,Санкт-Петербург,25229393,Дом
1976,Екатеринбург,7666376,Дом
1977,Екатеринбург,15089255,Коммерческая
1978,Санкт-Петербург,12679476,Дом
1979,Санкт-Петербург,3389323,Квартира
1980,Москва,7831700,Коммерческая
1981,Екатеринбург,7555878,Квартира
1982,Санкт-Петербург,24550095,Коммерческая
1983,Екатеринбург,29472045,Коммерческая
1984,Санкт-Петербург,18246944,Коммерческая
1985,Екатеринбург,15908883,Апартаменты
1986,Санкт-Петербург,9234112,Коммерческая
1987,Москва,22392398,Коммерческая
1988,Санкт-Петербург,26895117,Апартаменты
1989,Екатеринбург,21326298,Апартаменты
1990,Москва,4270539,Коммерческая
1991,Казань,6797166,Коммерческая
1992,Москва,7767664,Апартаменты
1993,Екатеринбург,20345948,Квартира
1994,Москва,11228597,Коммерческая
1995,Москва,25953715,Апартаменты
1996,Москва,14527496,Квартира
1997,Екатеринбург,18234878,Коммерческая
1998,Казань,17126956,Апартаменты
1999,Казань,12704225,Дом
2000,Москва,26322046,Апартаменты
